{
    "BossRoot": {
        "leftFlamethrowerSRT": {
            "rotate": {
                "w": 0.8078508973121643,
                "x": 0.0,
                "y": -0.8149945735931396,
                "z": 0.0
            },
            "scale": {
                "x": 1.5,
                "y": 1.500100016593933,
                "z": 1.5
            },
            "translate": {
                "x": -9.899999618530273,
                "y": 0.0,
                "z": 0.0
            }
        },
        "rightFlamethrowerSRT": {
            "rotate": {
                "w": 0.9566835165023804,
                "x": 0.0,
                "y": 0.9836419224739075,
                "z": 0.0
            },
            "scale": {
                "x": 1.5,
                "y": 1.5,
                "z": 1.5
            },
            "translate": {
                "x": 9.5,
                "y": 0.0,
                "z": 0.0
            }
        }
    }
}
