{
    "BossActionBackSweep": {
        "easeType": 27,
        "rotateTime": 1.7999999523162842,
        "threshold": -0.6000000238418579
    }
}
