{
    "Flamethrower": {
        "bulletDamage": 16.5,
        "bulletRadius": 3.5999999046325684,
        "bulletSpeed": 64.9000015258789,
        "colliderPos": {
            "x": 0.0,
            "y": 0.0,
            "z": 0.0
        },
        "colliderSize": {
            "x": 3.4000000953674316,
            "y": 3.0999999046325684,
            "z": 32.400001525878906
        },
        "pos": {
            "x": -17.0,
            "y": 0.0,
            "z": 0.0
        },
        "shotInterval": 0.15000000596046448
    }
}
