{
    "FollowCamera": {
        "complement": 0.5,
        "distance": 16.0,
        "easingIndex": 0,
        "limitMaxY": 2.0999999046325684,
        "limitMinY": 4.0,
        "maxSpeed": 60.0,
        "offset": {
            "x": -0.04627816379070282,
            "y": 4.394999980926514,
            "z": -22.160999298095703
        },
        "rotateDelta": 2.0,
        "smoothTime": 0.18000000715255737
    }
}
